{
  "current": "Default",
  "presets": {
    "Default": {
      "header_logo_color": "#FFFFFF",
      "header_menu_links": "#FFFFFF",
      "header_bg_color": "#000000",
      "highlight_color": "#FFFF00",
      "color_body_text": "#1b1b1b",
      "color_text": "#1b1b1b",
      "social_twitter_link": "http://www.twitter.com/profile",
      "social_facebook_link": "http://www.facebook.com/profile",
      "social_pinterest_link": "http://www.pinterest.com/profile",
      "social_instagram_link": "http://www.instagram.com/profile",
      "social_youtube_link": "http://www.youtube.com/profile",
      "social_vimeo_link": "http://www.vimeo.com/profile",
      "sections": {
        "jumbo": {
          "type": "jumbo",
          "blocks": {
            "jumbo-0": {
              "type": "image",
              "settings": {
                "bottom_image": "",
                "bottom_image_destination": ""
              }
            },
            "jumbo-1": {
              "type": "image",
              "settings": {
                "bottom_image": "",
                "bottom_image_destination": ""
              }
            },
            "jumbo-2": {
              "type": "image",
              "settings": {
                "bottom_image": "",
                "bottom_image_destination": ""
              }
            }
          },
          "block_order": [
            "jumbo-0",
            "jumbo-1",
            "jumbo-2"
          ],
          "settings": {
            "bg_type": "video",
            "bg_image": "",
            "video_type": "vimeo",
            "video_id": "353546049",
            "jumbo_h1": "OFF WHITE",
            "jumbo_h2": "New Collection",
            "subheading": "<p>Promotions, new products and sales. Directly to your inbox.<\/p>",
            "show_background": true
          }
        },
        "two_collections": {
          "type": "two_collections",
          "settings": {
            "collection1": "summer-sale",
            "collection1_bg_color": "#000000",
            "collection1_text_color": "#ffffff",
            "collection2": "trending",
            "collection2_bg_color": "#dddfe4",
            "collection2_text_color": "#ffffff"
          }
        },
        "header": {
          "type": "header",
          "settings": {
            "logo": "",
            "logo_max_width": 100,
            "main_linklist": "main-menu",
            "message": false,
            "home_page_only": true,
            "message_text": "Announce something here",
            "message_link": "",
            "color_bg": "#3a3a3a",
            "color_text": "#ffffff"
          }
        },
        "feature-row": {
          "type": "feature-row",
          "settings": {
            "image": "",
            "layout": "left",
            "title": "Image with text",
            "text": "<p>Pair large text with an image to give focus to your chosen product, collection, or blog post. Add details on availability, style, or even provide a review.<\/p>",
            "button_label": "",
            "button_link": ""
          }
        },
        "feature-columns": {
          "type": "feature-columns",
          "blocks": {
            "feature-columns-0": {
              "type": "text_block",
              "settings": {
                "enable_image": true,
                "image": "",
                "title": "Add a title or tagline",
                "text": "<p>Share blog posts, products, or promotions with your customers. Use this text to describe products, share details on availability and style, or as a space to display recent reviews or FAQs.<\/p>",
                "button_label": "",
                "button_link": ""
              }
            },
            "feature-columns-1": {
              "type": "text_block",
              "settings": {
                "enable_image": true,
                "image": "",
                "title": "Add a title or tagline",
                "text": "<p>Share blog posts, products, or promotions with your customers. Use this text to describe products, share details on availability and style, or as a space to display recent reviews or FAQs.<\/p>",
                "button_label": "",
                "button_link": ""
              }
            },
            "feature-columns-2": {
              "type": "text_block",
              "settings": {
                "enable_image": true,
                "image": "",
                "title": "Add a title or tagline",
                "text": "<p>Share blog posts, products, or promotions with your customers. Use this text to describe products, share details on availability and style, or as a space to display recent reviews or FAQs.<\/p>",
                "button_label": "",
                "button_link": ""
              }
            }
          },
          "block_order": [
            "feature-columns-0",
            "feature-columns-1",
            "feature-columns-2"
          ],
          "settings": {
            "title": "",
            "align_text": "left"
          }
        },
        "collection": {
          "type": "collection",
          "settings": {
            "title": "Featured collection",
            "collection": "",
            "grid": 4,
            "rows": 2,
            "show_vendor": false,
            "show_view_all": false
          }
        },
        "quotes": {
          "type": "quotes",
          "blocks": {
            "quotes-0": {
              "type": "quote",
              "settings": {
                "quote": "<p>Add customer reviews and testimonials to showcase your store’s happy customers.<\/p>",
                "author": "Author's name"
              }
            },
            "quotes-1": {
              "type": "quote",
              "settings": {
                "quote": "<p>Add customer reviews and testimonials to showcase your store’s happy customers.<\/p>",
                "author": "Author's name"
              }
            },
            "quotes-2": {
              "type": "quote",
              "settings": {
                "quote": "<p>Add customer reviews and testimonials to showcase your store’s happy customers.<\/p>",
                "author": "Author's name"
              }
            }
          },
          "block_order": [
            "quotes-0",
            "quotes-1",
            "quotes-2"
          ],
          "settings": {
            "title": ""
          }
        },
        "image-bar": {
          "type": "image-bar",
          "blocks": {
            "image-bar-0": {
              "type": "image",
              "settings": {
                "image": "",
                "alignment": "center",
                "link": "",
                "cta_label": ""
              }
            },
            "image-bar-1": {
              "type": "image",
              "settings": {
                "image": "",
                "alignment": "center",
                "link": "",
                "cta_label": ""
              }
            },
            "image-bar-2": {
              "type": "image",
              "settings": {
                "image": "",
                "alignment": "center",
                "link": "",
                "cta_label": ""
              }
            }
          },
          "block_order": [
            "image-bar-0",
            "image-bar-1",
            "image-bar-2"
          ],
          "settings": {
            "section_height": "medium"
          }
        },
        "footer": {
          "type": "footer",
          "blocks": {
            "footer-0": {
              "type": "link_list",
              "settings": {
                "title": "Quick links",
                "menu": "footer"
              }
            }
          },
          "block_order": [
            "footer-0"
          ],
          "settings": {
            "color_footer_bg": "#1b1b1b",
            "color_footer_menu_links": "#ffffff",
            "color_footer_text": "#333232",
            "footer_bottom_text": "623 Grand Ave, Ridgewood, NY, 11386"
          }
        },
        "article-template": {
          "type": "article-template",
          "settings": {
            "blog_show_author": true,
            "blog_show_date": true,
            "show_share_buttons": true
          }
        },
        "1592409652233": {
          "type": "horizontal_sale",
          "settings": {
            "collection": "trending",
            "percent": "50",
            "collection_bg_color": "#000000"
          }
        },
        "1592409678697": {
          "type": "products_group",
          "settings": {
            "collection": "july-4-sale",
            "max_products": "4",
            "product_info_bg_color": "#000000"
          }
        },
        "1592409709899": {
          "type": "featured-product",
          "settings": {
            "featured_product": "air-max-90-retro",
            "show_quantity_selector": false,
            "show_variant_labels": true,
            "show_vendor": false,
            "enable_payment_button": true,
            "show_share_buttons": true,
            "media_size": "medium",
            "enable_image_zoom": true,
            "enable_video_looping": false
          }
        }
      },
      "content_for_index": [
        "jumbo",
        "two_collections",
        "1592409652233",
        "1592409678697",
        "1592409709899"
      ]
      
    },
    "Light": {
      "header_logo_color": "#FFFFFF",
      "header_menu_links": "#FFFFFF",
      "header_bg_color": "#000000",
      "highlight_color": "#FFFF00",
      "color_body_text": "#1b1b1b",
      "color_text": "#1b1b1b",
      "social_twitter_link": "http://www.twitter.com/profile",
      "social_facebook_link": "http://www.facebook.com/profile",
      "social_pinterest_link": "http://www.pinterest.com/profile",
      "social_instagram_link": "http://www.instagram.com/profile",
      "social_youtube_link": "http://www.youtube.com/profile",
      "social_vimeo_link": "http://www.vimeo.com/profile",
      "sections": {
        "jumbo": {
          "type": "jumbo",
          "blocks": {
            "jumbo-0": {
              "type": "image",
              "settings": {
                "bottom_image": "",
                "bottom_image_destination": ""
              }
            },
            "jumbo-1": {
              "type": "image",
              "settings": {
                "bottom_image": "",
                "bottom_image_destination": ""
              }
            },
            "jumbo-2": {
              "type": "image",
              "settings": {
                "bottom_image": "",
                "bottom_image_destination": ""
              }
            }
          },
          "block_order": [
            "jumbo-0",
            "jumbo-1",
            "jumbo-2"
          ],
          "settings": {
            "bg_type": "video",
            "bg_image": "",
            "video_type": "vimeo",
            "video_id": "353546049",
            "jumbo_h1": "OFF WHITE",
            "jumbo_h2": "New Collection",
            "subheading": "<p>Promotions, new products and sales. Directly to your inbox.<\/p>",
            "show_background": true
          }
        },
        "two_collections": {
          "type": "two_collections",
          "settings": {
            "collection1": "summer-sale",
            "collection1_bg_color": "#000000",
            "collection1_text_color": "#ffffff",
            "collection2": "trending",
            "collection2_bg_color": "#dddfe4",
            "collection2_text_color": "#ffffff"
          }
        },
        "header": {
          "type": "header",
          "settings": {
            "logo": "",
            "logo_max_width": 100,
            "main_linklist": "main-menu",
            "message": false,
            "home_page_only": true,
            "message_text": "Announce something here",
            "message_link": "",
            "color_bg": "#3a3a3a",
            "color_text": "#ffffff"
          }
        },
        "feature-row": {
          "type": "feature-row",
          "settings": {
            "image": "",
            "layout": "left",
            "title": "Image with text",
            "text": "<p>Pair large text with an image to give focus to your chosen product, collection, or blog post. Add details on availability, style, or even provide a review.<\/p>",
            "button_label": "",
            "button_link": ""
          }
        },
        "feature-columns": {
          "type": "feature-columns",
          "blocks": {
            "feature-columns-0": {
              "type": "text_block",
              "settings": {
                "enable_image": true,
                "image": "",
                "title": "Add a title or tagline",
                "text": "<p>Share blog posts, products, or promotions with your customers. Use this text to describe products, share details on availability and style, or as a space to display recent reviews or FAQs.<\/p>",
                "button_label": "",
                "button_link": ""
              }
            },
            "feature-columns-1": {
              "type": "text_block",
              "settings": {
                "enable_image": true,
                "image": "",
                "title": "Add a title or tagline",
                "text": "<p>Share blog posts, products, or promotions with your customers. Use this text to describe products, share details on availability and style, or as a space to display recent reviews or FAQs.<\/p>",
                "button_label": "",
                "button_link": ""
              }
            },
            "feature-columns-2": {
              "type": "text_block",
              "settings": {
                "enable_image": true,
                "image": "",
                "title": "Add a title or tagline",
                "text": "<p>Share blog posts, products, or promotions with your customers. Use this text to describe products, share details on availability and style, or as a space to display recent reviews or FAQs.<\/p>",
                "button_label": "",
                "button_link": ""
              }
            }
          },
          "block_order": [
            "feature-columns-0",
            "feature-columns-1",
            "feature-columns-2"
          ],
          "settings": {
            "title": "",
            "align_text": "left"
          }
        },
        "collection": {
          "type": "collection",
          "settings": {
            "title": "Featured collection",
            "collection": "",
            "grid": 4,
            "rows": 2,
            "show_vendor": false,
            "show_view_all": false
          }
        },
        "quotes": {
          "type": "quotes",
          "blocks": {
            "quotes-0": {
              "type": "quote",
              "settings": {
                "quote": "<p>Add customer reviews and testimonials to showcase your store’s happy customers.<\/p>",
                "author": "Author's name"
              }
            },
            "quotes-1": {
              "type": "quote",
              "settings": {
                "quote": "<p>Add customer reviews and testimonials to showcase your store’s happy customers.<\/p>",
                "author": "Author's name"
              }
            },
            "quotes-2": {
              "type": "quote",
              "settings": {
                "quote": "<p>Add customer reviews and testimonials to showcase your store’s happy customers.<\/p>",
                "author": "Author's name"
              }
            }
          },
          "block_order": [
            "quotes-0",
            "quotes-1",
            "quotes-2"
          ],
          "settings": {
            "title": ""
          }
        },
        "image-bar": {
          "type": "image-bar",
          "blocks": {
            "image-bar-0": {
              "type": "image",
              "settings": {
                "image": "",
                "alignment": "center",
                "link": "",
                "cta_label": ""
              }
            },
            "image-bar-1": {
              "type": "image",
              "settings": {
                "image": "",
                "alignment": "center",
                "link": "",
                "cta_label": ""
              }
            },
            "image-bar-2": {
              "type": "image",
              "settings": {
                "image": "",
                "alignment": "center",
                "link": "",
                "cta_label": ""
              }
            }
          },
          "block_order": [
            "image-bar-0",
            "image-bar-1",
            "image-bar-2"
          ],
          "settings": {
            "section_height": "medium"
          }
        },
        "footer": {
          "type": "footer",
          "blocks": {
            "footer-0": {
              "type": "link_list",
              "settings": {
                "title": "Quick links",
                "menu": "footer"
              }
            }
          },
          "block_order": [
            "footer-0"
          ],
          "settings": {
            "color_footer_bg": "#1b1b1b",
            "color_footer_menu_links": "#ffffff",
            "color_footer_text": "#333232",
            "footer_bottom_text": "623 Grand Ave, Ridgewood, NY, 11386"
          }
        },
        "article-template": {
          "type": "article-template",
          "settings": {
            "blog_show_author": true,
            "blog_show_date": true,
            "show_share_buttons": true
          }
        },
        "1592409652233": {
          "type": "horizontal_sale",
          "settings": {
            "collection": "trending",
            "percent": "50",
            "collection_bg_color": "#000000"
          }
        },
        "1592409678697": {
          "type": "products_group",
          "settings": {
            "collection": "july-4-sale",
            "max_products": "4",
            "product_info_bg_color": "#000000"
          }
        },
        "1592409709899": {
          "type": "featured-product",
          "settings": {
            "featured_product": "air-max-90-retro",
            "show_quantity_selector": false,
            "show_variant_labels": true,
            "show_vendor": false,
            "enable_payment_button": true,
            "show_share_buttons": true,
            "media_size": "medium",
            "enable_image_zoom": true,
            "enable_video_looping": false
          }
        }
      },
      "content_for_index": [
        "jumbo",
        "two_collections",
        "1592409652233",
        "1592409678697",
        "1592409709899"
      ]
    }
  }
}